Operator,lke
env,Warm
Toy_TPC,PCB_Based
Note,"Bottom_HWDB=https://dbweb0.fnal.gov/cdbdev/view/component/D08100400001-00063,Bottom_CE=VD-0000,Bottom_Cover=0000,Bottom_FEMB=BNL_FEMB_IO-1865-1J_00094,Top_HWDB=EMPTY,Top_CE=EMPTY,Top_Cover=EMPTY,Top_FEMB=EMPTY"
FEMB ID,{'femb0': 'BNL_FEMB_IO-1865-1J_00094'}
Date UTC,04_28_2026_00_15_58
name,"['BIAS', 'LArASIC', 'ColdDATA', 'ColdADC']"
V_set/V,"['5.000', '3.000', '3.000', '3.500']"
V_meas/V,"['5.0', '2.924', '2.955', '3.421']"
I_meas/A,"['0.0', '0.443', '0.226', '1.556']"
P_meas/W,"['0.0', '1.295', '0.668', '5.323']"
Total Power,"['7.286', '', '', '']"
COLDATA_REG_1,Pass
ColdADC_REG_1,Pass
COLDATA_REG_2,Pass
ColdADC_REG_2,Pass
Result,True
Result,True
ped,"[1142.3177083333333, 913.3046875, 848.62109375, 879.2078993055555, 886.7743055555555, 906.9153645833334, 923.2612847222222, 894.2651909722222, 1149.8229166666667, 852.0138888888889, 931.296875, 875.5381944444445, 883.5555555555555, 945.1089409722222, 813.9084201388889, 848.0477430555555, 972.5290798611111, 788.2986111111111, 865.7703993055555, 813.1080729166666, 821.9969618055555, 810.5512152777778, 763.4561631944445, 727.9639756944445, 884.8133680555555, 793.3259548611111, 828.1901041666666, 794.72265625, 727.48046875, 827.9309895833334, 741.6362847222222, 747.2183159722222, 998.8233506944445, 647.9704861111111, 805.6028645833334, 786.9926215277778, 797.7573784722222, 841.8346354166666, 751.4079861111111, 860.5698784722222, 1052.6875, 786.1393229166666, 740.7274305555555, 832.3424479166666, 834.0086805555555, 898.9171006944445, 762.9769965277778, 840.4136284722222, 1040.704861111111, 862.2217881944445, 983.8515625, 981.1193576388889, 915.2057291666666, 952.7864583333334, 953.08984375, 920.1983506944445, 1011.1801215277778, 771.9939236111111, 878.15625, 972.9887152777778, 782.5091145833334, 828.6662326388889, 830.2421875, 916.1315104166666, 1101.0121527777778, 1011.1553819444445, 1003.5594618055555, 917.7092013888889, 1017.0802951388889, 988.0360243055555, 853.6987847222222, 989.4535590277778, 1237.9965277777778, 945.2009548611111, 1012.8012152777778, 1081.4609375, 1048.8094618055557, 960.1610243055555, 926.5494791666666, 1012.0772569444445, 953.0915798611111, 898.7573784722222, 878.4852430555555, 798.4292534722222, 827.1484375, 846.8611111111111, 758.7738715277778, 994.8463541666666, 1203.2278645833333, 973.7625868055555, 1027.8680555555557, 1046.64453125, 1025.490017361111, 1064.70703125, 953.0147569444445, 1001.7092013888889, 1090.9409722222222, 1068.4071180555557, 1079.111545138889, 1067.9097222222222, 1084.734375, 1070.4418402777778, 971.3754340277778, 1035.728298611111, 1192.2161458333333, 948.3381076388889, 1088.592013888889, 977.4210069444445, 1045.4752604166667, 1153.2565104166667, 1017.6258680555555, 1088.256076388889, 1072.0707465277778, 828.7725694444445, 829.6245659722222, 910.3415798611111, 892.7291666666666, 883.2356770833334, 814.1501736111111, 1010.1375868055555, 1044.8823784722222, 907.1002604166666, 849.3016493055555, 863.0915798611111, 932.0091145833334, 892.8155381944445, 922.7942708333334, 849.2703993055555]"
rms,"[24.00420823113771, 25.62179950690014, 26.010883596494324, 25.635697430338436, 24.35029587581985, 26.302778423932097, 25.463095457817637, 25.337367485778053, 24.677096524549732, 25.04256407463299, 24.853327883827582, 26.265146414676877, 25.015436977821473, 25.886920695875965, 25.61488347602132, 26.83720491822627, 27.190046589300735, 26.741387466370238, 28.94776141880404, 27.291158470489115, 28.917154315147283, 27.54095716273795, 27.78543136951511, 26.52961207467502, 25.37446760066727, 26.758080684173525, 27.631321033792116, 26.754281340145717, 25.809844169042815, 27.71168547504729, 26.883164187875405, 27.398876471240072, 28.008114397548795, 28.33166350054547, 27.446045722871265, 28.060612057301423, 28.5717707311067, 29.73397674890762, 27.65184163747962, 28.705179053597973, 27.2323544423214, 27.720801372042345, 27.865210868236556, 28.1574874758411, 28.228219744180347, 28.730361395213652, 28.553964662085, 27.14746263390355, 25.615761423663425, 25.63569954666354, 26.48098795840212, 25.981632272811392, 26.613818762460486, 25.636692263909065, 25.433962714264286, 25.902983674704608, 24.238831276526057, 25.799473062442967, 25.207556375767563, 25.879643526214444, 24.26776454663753, 25.734018882033936, 26.2954373565149, 25.472182815208814, 23.34446962413613, 24.273045082198724, 24.791682893312608, 23.883771339342495, 25.12358468753577, 26.1618726531881, 24.456709171985914, 24.305679838316923, 23.281452480683836, 25.13448167810765, 24.82778318673547, 24.838720091577997, 26.005402698324314, 26.02637267552362, 26.63082193271672, 26.82851477394241, 26.453720699052585, 26.157055813337184, 28.645549227863025, 27.947126326848124, 27.691749692477288, 27.32834332273788, 25.897896363468195, 26.72350395796241, 26.428521353380837, 25.705776606578645, 27.021258099405575, 26.596292810715724, 26.42975630615001, 27.60890089979782, 25.161712211200122, 28.347493129434415, 23.62455882361276, 23.70361079268437, 24.340666104936204, 24.47184484669305, 27.36966777644019, 24.76453528181962, 24.740214900411925, 26.030813696244863, 25.68210405085091, 24.1565856681194, 25.5257605197361, 24.829956629206688, 25.704235473679233, 26.964687253074928, 26.487561761436705, 26.06439770378037, 23.393129002169434, 24.883764738572456, 25.9488533516032, 24.24994788662522, 25.06703685730636, 25.23049152989631, 23.80587396813076, 23.43361435366923, 23.21473883557558, 24.083169692384413, 25.008430468584258, 24.470376760963106, 24.89926587732912, 24.525201428169577, 24.091013808956152, 24.387323640663073]"
pedmax,"[1234, 1000, 941, 953, 966, 994, 1007, 979, 1226, 930, 1017, 974, 972, 1039, 891, 949, 1056, 874, 946, 902, 926, 907, 856, 819, 970, 877, 915, 881, 816, 921, 844, 850, 1086, 750, 900, 877, 894, 956, 842, 976, 1138, 874, 828, 920, 934, 983, 877, 929, 1124, 944, 1055, 1071, 991, 1041, 1051, 1009, 1104, 869, 968, 1065, 866, 918, 953, 1008, 1171, 1091, 1086, 1000, 1109, 1073, 932, 1066, 1347, 1027, 1089, 1171, 1148, 1047, 1038, 1102, 1033, 989, 969, 902, 906, 934, 834, 1105, 1282, 1068, 1123, 1130, 1131, 1146, 1043, 1080, 1162, 1150, 1163, 1143, 1180, 1147, 1061, 1143, 1279, 1015, 1166, 1068, 1137, 1258, 1095, 1180, 1145, 908, 922, 986, 983, 962, 891, 1084, 1123, 981, 946, 950, 1018, 975, 1002, 941]"
pedmin,"[1070, 827, 764, 778, 788, 808, 841, 814, 1052, 770, 842, 792, 816, 862, 727, 753, 882, 704, 767, 718, 733, 727, 680, 651, 800, 714, 737, 712, 648, 741, 639, 640, 893, 541, 712, 689, 693, 737, 669, 778, 975, 691, 648, 743, 734, 806, 678, 761, 957, 781, 908, 902, 833, 865, 875, 832, 943, 687, 787, 891, 709, 736, 741, 826, 1014, 926, 911, 841, 927, 908, 771, 898, 1151, 860, 912, 1008, 965, 862, 843, 934, 883, 797, 778, 709, 747, 768, 687, 899, 1110, 885, 938, 960, 921, 976, 879, 902, 1001, 985, 1005, 988, 990, 991, 890, 950, 1116, 859, 1010, 892, 945, 1069, 933, 1001, 974, 749, 741, 806, 804, 810, 739, 919, 966, 833, 768, 785, 843, 824, 846, 761]"
name,"['BIAS', 'LArASIC', 'ColdDATA', 'ColdADC']"
V_set/V,"['5.000', '3.000', '3.000', '3.500']"
V_meas/V,"['5.0', '2.925', '2.955', '3.421']"
I_meas/A,"['0.0', '0.43', '0.223', '1.495']"
P_meas/W,"['0.0', '1.258', '0.659', '5.114']"
Total Power,"['7.031', '', '', '']"
CDVDDA,1189
CDVDDIO_HALF,2228
ADCRVDDD1P2,1097
ADCLVDDD1P2,1095
FERVDDP,1787
FELVDDP,1793
ADCRP25V_1_HALF,2243
ADCLP25V_1_HALF,2243
ADCRP25V_HALF,2244
ADCLP25V_HALF,2243
GND,15
Result,True
PPK_mean,"[12817.0, 12877.0, 12841.0, 12886.0, 12856.0, 12896.0, 12899.0, 12863.0, 12819.0, 12820.0, 12921.0, 12862.0, 12877.0, 12944.0, 12760.0, 12784.0, 12837.0, 12895.0, 12983.0, 12921.0, 12946.0, 12930.0, 12890.0, 12887.0, 12737.0, 12864.0, 12954.0, 12874.0, 12814.0, 12909.0, 12804.0, 12807.0, 12778.0, 12677.0, 12942.0, 12866.0, 12830.0, 12901.0, 12819.0, 12929.0, 12908.0, 12846.0, 12830.0, 12887.0, 12849.0, 12921.0, 12768.0, 12789.0, 12773.0, 12850.0, 12989.0, 12991.0, 12960.0, 12927.0, 12935.0, 12934.0, 12673.0, 12728.0, 12877.0, 12945.0, 12765.0, 12828.0, 12776.0, 12872.0, 12801.0, 12976.0, 12935.0, 12866.0, 12991.0, 12939.0, 12796.0, 12920.0, 12894.0, 12882.0, 12974.0, 12975.0, 12997.0, 12845.0, 12862.0, 12920.0, 12681.0, 12984.0, 12914.0, 12869.0, 12906.0, 12874.0, 12787.0, 13008.0, 12859.0, 12920.0, 12965.0, 13011.0, 12988.0, 12973.0, 12884.0, 12853.0, 12738.0, 12962.0, 12987.0, 12956.0, 13007.0, 12971.0, 12901.0, 13006.0, 12798.0, 12813.0, 12935.0, 12855.0, 12880.0, 13032.0, 12874.0, 12927.0, 12738.0, 12840.0, 12862.0, 12918.0, 12875.0, 12879.0, 12777.0, 12975.0, 12783.0, 12876.0, 12921.0, 12917.0, 12906.0, 12875.0, 12909.0, 12796.0]"
PPK_max,"[12817, 12877, 12841, 12886, 12856, 12896, 12899, 12863, 12819, 12820, 12921, 12862, 12877, 12944, 12760, 12784, 12837, 12895, 12983, 12921, 12946, 12930, 12890, 12887, 12737, 12864, 12954, 12874, 12814, 12909, 12804, 12807, 12778, 12677, 12942, 12866, 12830, 12901, 12819, 12929, 12908, 12846, 12830, 12887, 12849, 12921, 12768, 12789, 12773, 12850, 12989, 12991, 12960, 12927, 12935, 12934, 12673, 12728, 12877, 12945, 12765, 12828, 12776, 12872, 12801, 12976, 12935, 12866, 12991, 12939, 12796, 12920, 12894, 12882, 12974, 12975, 12997, 12845, 12862, 12920, 12681, 12984, 12914, 12869, 12906, 12874, 12787, 13008, 12859, 12920, 12965, 13011, 12988, 12973, 12884, 12853, 12738, 12962, 12987, 12956, 13007, 12971, 12901, 13006, 12798, 12813, 12935, 12855, 12880, 13032, 12874, 12927, 12738, 12840, 12862, 12918, 12875, 12879, 12777, 12975, 12783, 12876, 12921, 12917, 12906, 12875, 12909, 12796]"
PPK_min,"[12817, 12877, 12841, 12886, 12856, 12896, 12899, 12863, 12819, 12820, 12921, 12862, 12877, 12944, 12760, 12784, 12837, 12895, 12983, 12921, 12946, 12930, 12890, 12887, 12737, 12864, 12954, 12874, 12814, 12909, 12804, 12807, 12778, 12677, 12942, 12866, 12830, 12901, 12819, 12929, 12908, 12846, 12830, 12887, 12849, 12921, 12768, 12789, 12773, 12850, 12989, 12991, 12960, 12927, 12935, 12934, 12673, 12728, 12877, 12945, 12765, 12828, 12776, 12872, 12801, 12976, 12935, 12866, 12991, 12939, 12796, 12920, 12894, 12882, 12974, 12975, 12997, 12845, 12862, 12920, 12681, 12984, 12914, 12869, 12906, 12874, 12787, 13008, 12859, 12920, 12965, 13011, 12988, 12973, 12884, 12853, 12738, 12962, 12987, 12956, 13007, 12971, 12901, 13006, 12798, 12813, 12935, 12855, 12880, 13032, 12874, 12927, 12738, 12840, 12862, 12918, 12875, 12879, 12777, 12975, 12783, 12876, 12921, 12917, 12906, 12875, 12909, 12796]"
NPK_mean,"[4679.0, 4488.0, 4439.0, 4455.0, 4453.0, 4490.0, 4480.0, 4459.0, 4617.0, 4410.0, 4502.0, 4457.0, 4468.0, 4579.0, 4414.0, 4444.0, 4501.0, 4379.0, 4455.0, 4410.0, 4431.0, 4351.0, 4348.0, 4335.0, 4382.0, 4360.0, 4377.0, 4377.0, 4321.0, 4402.0, 4336.0, 4292.0, 4564.0, 4248.0, 4465.0, 4431.0, 4407.0, 4455.0, 4374.0, 4459.0, 4608.0, 4406.0, 4308.0, 4456.0, 4444.0, 4491.0, 4399.0, 4436.0, 4417.0, 4322.0, 4421.0, 4421.0, 4383.0, 4414.0, 4393.0, 4378.0, 4364.0, 4192.0, 4332.0, 4413.0, 4238.0, 4283.0, 4270.0, 4374.0, 4532.0, 4528.0, 4497.0, 4396.0, 4529.0, 4488.0, 4354.0, 4447.0, 4633.0, 4427.0, 4475.0, 4571.0, 4546.0, 4449.0, 4431.0, 4487.0, 4373.0, 4445.0, 4416.0, 4346.0, 4331.0, 4343.0, 4240.0, 4500.0, 4613.0, 4438.0, 4508.0, 4520.0, 4535.0, 4550.0, 4435.0, 4451.0, 4483.0, 4476.0, 4515.0, 4483.0, 4453.0, 4444.0, 4364.0, 4411.0, 4518.0, 4311.0, 4491.0, 4338.0, 4433.0, 4532.0, 4424.0, 4460.0, 4533.0, 4423.0, 4421.0, 4469.0, 4446.0, 4436.0, 4351.0, 4568.0, 4550.0, 4468.0, 4407.0, 4486.0, 4518.0, 4447.0, 4500.0, 4405.0]"
NPK_max,"[4679, 4488, 4439, 4455, 4453, 4490, 4480, 4459, 4617, 4410, 4502, 4457, 4468, 4579, 4414, 4444, 4501, 4379, 4455, 4410, 4431, 4351, 4348, 4335, 4382, 4360, 4377, 4377, 4321, 4402, 4336, 4292, 4564, 4248, 4465, 4431, 4407, 4455, 4374, 4459, 4608, 4406, 4308, 4456, 4444, 4491, 4399, 4436, 4417, 4322, 4421, 4421, 4383, 4414, 4393, 4378, 4364, 4192, 4332, 4413, 4238, 4283, 4270, 4374, 4532, 4528, 4497, 4396, 4529, 4488, 4354, 4447, 4633, 4427, 4475, 4571, 4546, 4449, 4431, 4487, 4373, 4445, 4416, 4346, 4331, 4343, 4240, 4500, 4613, 4438, 4508, 4520, 4535, 4550, 4435, 4451, 4483, 4476, 4515, 4483, 4453, 4444, 4364, 4411, 4518, 4311, 4491, 4338, 4433, 4532, 4424, 4460, 4533, 4423, 4421, 4469, 4446, 4436, 4351, 4568, 4550, 4468, 4407, 4486, 4518, 4447, 4500, 4405]"
NPK_min,"[4679, 4488, 4439, 4455, 4453, 4490, 4480, 4459, 4617, 4410, 4502, 4457, 4468, 4579, 4414, 4444, 4501, 4379, 4455, 4410, 4431, 4351, 4348, 4335, 4382, 4360, 4377, 4377, 4321, 4402, 4336, 4292, 4564, 4248, 4465, 4431, 4407, 4455, 4374, 4459, 4608, 4406, 4308, 4456, 4444, 4491, 4399, 4436, 4417, 4322, 4421, 4421, 4383, 4414, 4393, 4378, 4364, 4192, 4332, 4413, 4238, 4283, 4270, 4374, 4532, 4528, 4497, 4396, 4529, 4488, 4354, 4447, 4633, 4427, 4475, 4571, 4546, 4449, 4431, 4487, 4373, 4445, 4416, 4346, 4331, 4343, 4240, 4500, 4613, 4438, 4508, 4520, 4535, 4550, 4435, 4451, 4483, 4476, 4515, 4483, 4453, 4444, 4364, 4411, 4518, 4311, 4491, 4338, 4433, 4532, 4424, 4460, 4533, 4423, 4421, 4469, 4446, 4436, 4351, 4568, 4550, 4468, 4407, 4486, 4518, 4447, 4500, 4405]"
BL_mean,"[8737.0, 8693.0, 8636.0, 8660.0, 8658.0, 8690.0, 8685.0, 8637.0, 8716.0, 8601.0, 8706.0, 8660.0, 8662.0, 8746.0, 8596.0, 8615.0, 8673.0, 8639.0, 8722.0, 8667.0, 8701.0, 8663.0, 8623.0, 8597.0, 8565.0, 8613.0, 8677.0, 8634.0, 8584.0, 8672.0, 8579.0, 8569.0, 8664.0, 8476.0, 8697.0, 8639.0, 8614.0, 8673.0, 8576.0, 8693.0, 8747.0, 8616.0, 8580.0, 8665.0, 8639.0, 8703.0, 8572.0, 8611.0, 8611.0, 8596.0, 8716.0, 8715.0, 8662.0, 8671.0, 8662.0, 8655.0, 8512.0, 8464.0, 8596.0, 8683.0, 8495.0, 8557.0, 8516.0, 8601.0, 8663.0, 8744.0, 8703.0, 8626.0, 8759.0, 8721.0, 8574.0, 8692.0, 8771.0, 8673.0, 8721.0, 8757.0, 8761.0, 8662.0, 8651.0, 8698.0, 8529.0, 8687.0, 8656.0, 8601.0, 8616.0, 8629.0, 8522.0, 8759.0, 8721.0, 8681.0, 8735.0, 8769.0, 8768.0, 8771.0, 8649.0, 8658.0, 8613.0, 8726.0, 8742.0, 8726.0, 8747.0, 8708.0, 8642.0, 8706.0, 8654.0, 8571.0, 8722.0, 8614.0, 8646.0, 8785.0, 8647.0, 8698.0, 8651.0, 8633.0, 8650.0, 8675.0, 8659.0, 8654.0, 8576.0, 8762.0, 8653.0, 8679.0, 8660.0, 8691.0, 8724.0, 8673.0, 8707.0, 8603.0]"
BL_max,"[8737, 8693, 8636, 8660, 8658, 8690, 8685, 8637, 8716, 8601, 8706, 8660, 8662, 8746, 8596, 8615, 8673, 8639, 8722, 8667, 8701, 8663, 8623, 8597, 8565, 8613, 8677, 8634, 8584, 8672, 8579, 8569, 8664, 8476, 8697, 8639, 8614, 8673, 8576, 8693, 8747, 8616, 8580, 8665, 8639, 8703, 8572, 8611, 8611, 8596, 8716, 8715, 8662, 8671, 8662, 8655, 8512, 8464, 8596, 8683, 8495, 8557, 8516, 8601, 8663, 8744, 8703, 8626, 8759, 8721, 8574, 8692, 8771, 8673, 8721, 8757, 8761, 8662, 8651, 8698, 8529, 8687, 8656, 8601, 8616, 8629, 8522, 8759, 8721, 8681, 8735, 8769, 8768, 8771, 8649, 8658, 8613, 8726, 8742, 8726, 8747, 8708, 8642, 8706, 8654, 8571, 8722, 8614, 8646, 8785, 8647, 8698, 8651, 8633, 8650, 8675, 8659, 8654, 8576, 8762, 8653, 8679, 8660, 8691, 8724, 8673, 8707, 8603]"
BL_min,"[8737, 8693, 8636, 8660, 8658, 8690, 8685, 8637, 8716, 8601, 8706, 8660, 8662, 8746, 8596, 8615, 8673, 8639, 8722, 8667, 8701, 8663, 8623, 8597, 8565, 8613, 8677, 8634, 8584, 8672, 8579, 8569, 8664, 8476, 8697, 8639, 8614, 8673, 8576, 8693, 8747, 8616, 8580, 8665, 8639, 8703, 8572, 8611, 8611, 8596, 8716, 8715, 8662, 8671, 8662, 8655, 8512, 8464, 8596, 8683, 8495, 8557, 8516, 8601, 8663, 8744, 8703, 8626, 8759, 8721, 8574, 8692, 8771, 8673, 8721, 8757, 8761, 8662, 8651, 8698, 8529, 8687, 8656, 8601, 8616, 8629, 8522, 8759, 8721, 8681, 8735, 8769, 8768, 8771, 8649, 8658, 8613, 8726, 8742, 8726, 8747, 8708, 8642, 8706, 8654, 8571, 8722, 8614, 8646, 8785, 8647, 8698, 8651, 8633, 8650, 8675, 8659, 8654, 8576, 8762, 8653, 8679, 8660, 8691, 8724, 8673, 8707, 8603]"
Result,True
name,"['BIAS', 'LArASIC', 'ColdDATA', 'ColdADC']"
V_set/V,"['5.000', '3.000', '3.000', '3.500']"
V_meas/V,"['5.0', '2.868', '2.953', '3.42']"
I_meas/A,"['0.0', '0.681', '0.232', '1.556']"
P_meas/W,"['0.0', '1.953', '0.685', '5.322']"
Total Power,"['7.96', '', '', '']"
CDVDDA,1188
CDVDDIO_HALF,2228
ADCRVDDD1P2,1097
ADCLVDDD1P2,1095
FERVDDP,1662
FELVDDP,1666
ADCRP25V_1_HALF,2243
ADCLP25V_1_HALF,2244
ADCRP25V_HALF,2242
ADCLP25V_HALF,2244
GND,17
ASIC #,"['0', '1', '2', '3', '4', '5', '6', '7']"
FE T,"['871.5', '881.1', '873.1', '870.3', '881.1', '881.3', '878.0', '879.5']"
FE BGP,"['1173.7', '1178.5', '1176.7', '1175.0', '1177.9', '1181.0', '1179.5', '1183.8']"
ADC_VCMI,"['903.9', '902.6', '902.6', '903.1', '902.9', '903.1', '903.2', '902.6']"
ADC_VCMO,"['1188.6', '1188.6', '1189.1', '1188.8', '1188.1', '1187.2', '1188.4', '1188.6']"
ADC_VREFP,"['1905.7', '1902.6', '1902.5', '1903.5', '1904.2', '1902.2', '1904.3', '1902.8']"
ADC_VREFN,"['467.1', '468.2', '470.4', '469.1', '466.9', '470.3', '467.3', '468.0']"
VSSA,"['34.1', '37.6', '38.3', '35.8', '34.4', '36.1', '35.1', '37.6']"
